{
  "dev": {
    "awscloudformation": {
      "AuthRoleName": "amplify-peerfinal-dev-134339-authRole",
      "UnauthRoleArn": "arn:aws:iam::602119234091:role/amplify-peerfinal-dev-134339-unauthRole",
      "AuthRoleArn": "arn:aws:iam::602119234091:role/amplify-peerfinal-dev-134339-authRole",
      "Region": "us-east-2",
      "DeploymentBucketName": "amplify-peerfinal-dev-134339-deployment",
      "UnauthRoleName": "amplify-peerfinal-dev-134339-unauthRole",
      "StackName": "amplify-peerfinal-dev-134339",
      "StackId": "arn:aws:cloudformation:us-east-2:602119234091:stack/amplify-peerfinal-dev-134339/9e4635b0-9198-11eb-8fdb-02c4dcc2fcca",
      "AmplifyAppId": "d3e51x62wmqhtr"
    },
    "categories": {
      "auth": {
        "peerfinal1": {}
      }
    }
  }
}