[
{"id":10,"email":"estitch9@instagram.com","password":"jE0cz0To"},
{"id":11,"email":"pbeynkea@reddit.com","password":"owWBP6ZD"},
{"id":12,"email":"wgoadsbyb@pagesperso-orange.fr","password":"oNz8odK"},
{"id":13,"email":"salbrightonc@ocn.ne.jp","password":"awY6O1IwC1"},
{"id":14,"email":"aoxxd@columbia.edu","password":"qVeGZBJ"},
{"id":15,"email":"dbennene@yahoo.co.jp","password":"WL7QIDv7"},
{"id":16,"email":"mwykesf@uol.com.br","password":"6h6FqElmMCp"},
{"id":17,"email":"raltoftsg@diigo.com","password":"dv0AtKPJUp2"},
{"id":18,"email":"jivanchinh@fema.gov","password":"4GZLHMZDkDhF"},
{"id":19,"email":"randerssoni@sogou.com","password":"g7gMSlt2p"},
{"id":20,"email":"bstormsj@cafepress.com","password":"KDqapGl8V6L"},
{"id":21,"email":"bhendronk@imdb.com","password":"T1bfhR"},
{"id":22,"email":"rlyndsl@netvibes.com","password":"seHSXBgc"},
{"id":23,"email":"arossbrookem@marriott.com","password":"yvp9uXF"},
{"id":24,"email":"lshobbrookn@scientificamerican.com","password":"pFsoHs44P"},
{"id":25,"email":"bsimeono@cnbc.com","password":"toW1zjwGgf"},
{"id":26,"email":"bwingerp@europa.eu","password":"8zrNSwWAF9"},
{"id":27,"email":"ugrishinq@businessinsider.com","password":"EUxmHlYO6"},
{"id":28,"email":"rboaysr@macromedia.com","password":"2WX97rk22NX"},
{"id":29,"email":"dandrusovs@house.gov","password":"XrqzoF7"},
{"id":30,"email":"nnorthropt@mapy.cz","password":"VMDpCO"},
{"id":31,"email":"jlampartu@discuz.net","password":"1vC95vaW"},
{"id":32,"email":"tmarcombev@last.fm","password":"sXth4E"},
{"id":33,"email":"raleshkovw@seesaa.net","password":"ULWf6C2K6bhZ"},
{"id":34,"email":"veshx@ezinearticles.com","password":"UsGHuHVn"},
{"id":35,"email":"broubyy@miitbeian.gov.cn","password":"lQRHFg37fL"},
{"id":36,"email":"pboldersonz@unblog.fr","password":"uCvFBrCytv"},
{"id":37,"email":"akarppi10@opera.com","password":"NA1Z3rF1zj"},
{"id":38,"email":"lausting11@blogtalkradio.com","password":"NwtxMpBDO"},
{"id":39,"email":"ecommander12@ameblo.jp","password":"BF9q0Im1V77W"},
{"id":40,"email":"ecrampsey13@networkadvertising.org","password":"lOief0p7VH"},
{"id":41,"email":"mmoakes14@a8.net","password":"MVpVoE"},
{"id":42,"email":"mtender15@sun.com","password":"fznqY36nRq"},
{"id":43,"email":"kbroadhurst16@sciencedirect.com","password":"EIKITN"},
{"id":44,"email":"tpicton17@weibo.com","password":"8TjxGJ"},
{"id":45,"email":"aconrart18@reference.com","password":"hG31iNTF"},
{"id":46,"email":"fbessett19@theatlantic.com","password":"kSo7Pu3Ck"},
{"id":47,"email":"tpollak1a@toplist.cz","password":"GhSp5Tw4X1dK"},
{"id":48,"email":"tmanderson1b@github.com","password":"vAgvVddnN"},
{"id":49,"email":"uphil1c@time.com","password":"D7yLyvT8jN3z"},
{"id":50,"email":"aoldfield1d@ocn.ne.jp","password":"0bLLgfd"},
{"id":51,"email":"abarnhill1e@apache.org","password":"ndRBRKd"},
{"id":52,"email":"lmcausland1f@youtube.com","password":"wqsWcaDd2B"},
{"id":53,"email":"cbroster1g@economist.com","password":"blkMPb3K"},
{"id":54,"email":"aingliby1h@de.vu","password":"R7M0WVOgz"},
{"id":55,"email":"rapps1i@mlb.com","password":"PDPTB2N9WXR"},
{"id":56,"email":"sgiveen1j@usa.gov","password":"udC6r7X"},
{"id":57,"email":"csivier1k@wordpress.com","password":"X6eh9wnf"},
{"id":58,"email":"myokelman1l@infoseek.co.jp","password":"qbUxCxMlA"},
{"id":59,"email":"pferrotti1m@psu.edu","password":"8arXm8xB"},
{"id":60,"email":"mmartygin1n@shareasale.com","password":"yc3J4T6hN"},
{"id":61,"email":"dcasellas1o@cafepress.com","password":"0XybSTY"},
{"id":62,"email":"tmaccaughey1p@google.es","password":"7XDuwWBQXJ"},
{"id":63,"email":"mdurston1q@usgs.gov","password":"604Ji40UjZk"},
{"id":64,"email":"cmcvittie1r@amazon.com","password":"xKGR6FZJT8"},
{"id":65,"email":"fcunnah1s@t.co","password":"deiPxY"},
{"id":66,"email":"swestpfel1t@github.io","password":"btZSal9VwS"},
{"id":67,"email":"scahan1u@nature.com","password":"eP3K47"},
{"id":68,"email":"dspaight1v@independent.co.uk","password":"JKXz9sk9nl"},
{"id":69,"email":"sparish1w@telegraph.co.uk","password":"7AHT5pFPJ"},
{"id":70,"email":"bwinspur1x@etsy.com","password":"WHw27M363"},
{"id":71,"email":"tmidgely1y@nhs.uk","password":"JxcJkG"},
{"id":72,"email":"mjoplin1z@disqus.com","password":"ZQMzFbWlwA1Q"},
{"id":73,"email":"apetters20@canalblog.com","password":"FQlliJKd"},
{"id":74,"email":"ygoskar21@usda.gov","password":"m9kHYC4HUA"},
{"id":75,"email":"eiddison22@nsw.gov.au","password":"KZhhVzaw1"},
{"id":76,"email":"crosettini23@businesswire.com","password":"fAUhAP1h"},
{"id":77,"email":"odomanski24@freewebs.com","password":"Ujkwqj"},
{"id":78,"email":"drose25@ustream.tv","password":"87jkuGQJdC"},
{"id":79,"email":"jmacgraith26@multiply.com","password":"5Ns8omJJR2"},
{"id":80,"email":"lready27@psu.edu","password":"sInR9FL"},
{"id":81,"email":"cpestridge28@eepurl.com","password":"SKRrg21BU3YA"},
{"id":82,"email":"klarosa29@nps.gov","password":"fNdVWRdO"},
{"id":83,"email":"jgantley2a@studiopress.com","password":"LfqreGgRo7p"},
{"id":84,"email":"ntettersell2b@unblog.fr","password":"zOfmPc"},
{"id":85,"email":"jcooley2c@wunderground.com","password":"aflOKVqk0j"},
{"id":86,"email":"bhitchens2d@amazon.de","password":"4ci8wL"},
{"id":87,"email":"pfarloe2e@i2i.jp","password":"wHLZcBmiOr"},
{"id":88,"email":"lcamies2f@sakura.ne.jp","password":"JfPQqUu9WZQO"},
{"id":89,"email":"adurdan2g@vk.com","password":"32Fw8Jir"},
{"id":90,"email":"smacdirmid2h@github.com","password":"oGUExA3S"},
{"id":91,"email":"smoulster2i@mozilla.org","password":"5aoBaKB"},
{"id":92,"email":"osleet2j@rakuten.co.jp","password":"gNB1SSiqN"},
{"id":93,"email":"nmunden2k@skype.com","password":"8IURKTZd"},
{"id":94,"email":"unorkutt2l@cnn.com","password":"SD8BtBMwY"},
{"id":95,"email":"rklaaasen2m@ning.com","password":"N16hCY7"},
{"id":96,"email":"callcott2n@paypal.com","password":"RBQ0wFbPh"},
{"id":97,"email":"mshemmin2o@washingtonpost.com","password":"OPIOH6MK"},
{"id":98,"email":"dhayworth2p@360.cn","password":"tapu5Xi"},
{"id":99,"email":"fpere2q@mlb.com","password":"LBFk0omwVUI"},
{"id":100,"email":"mshawell2r@hostgator.com","password":"Wf6IW2PxD"},
{"id":101,"email":"htick2s@cbsnews.com","password":"bi21Ps"},
{"id":102,"email":"amabey2t@miibeian.gov.cn","password":"kVEFtM83vpfg"},
{"id":103,"email":"ggorger2u@hibu.com","password":"kp6uNRKgN9"},
{"id":104,"email":"kgoodbanne2v@washingtonpost.com","password":"ayCY1uzw"},
{"id":105,"email":"aizkovicz2w@microsoft.com","password":"HKUszqttE"},
{"id":106,"email":"rschoenfisch2x@furl.net","password":"kR3d5pg"},
{"id":107,"email":"mbeauly2y@about.com","password":"1HaqZlxrd"},
{"id":108,"email":"mwrightim2z@weibo.com","password":"SzVkIEeSuy"},
{"id":109,"email":"awestney30@yelp.com","password":"175dOgHxH"},
{"id":110,"email":"rfildes31@patch.com","password":"4DPpD0qB"},
{"id":111,"email":"hpala32@51.la","password":"JmakR6i"},
{"id":112,"email":"spearde33@cloudflare.com","password":"pQ4FMAbtw2"},
{"id":113,"email":"bmeran34@indiegogo.com","password":"oQXnXstU"},
{"id":114,"email":"cboulton35@lycos.com","password":"hSUlmgAJmM"},
{"id":115,"email":"pkemet36@go.com","password":"FXjxlHXjVPmb"},
{"id":116,"email":"dsmogur37@indiegogo.com","password":"WNBaNLHG9"},
{"id":117,"email":"ksheara38@guardian.co.uk","password":"sJRSghcKw"},
{"id":118,"email":"mandriveau39@nytimes.com","password":"WxgvB5"},
{"id":119,"email":"eredmond3a@unc.edu","password":"VH9Tz0kLBH"},
{"id":120,"email":"kcrooke3b@yellowpages.com","password":"yghL5xxTi"},
{"id":121,"email":"rmactrustie3c@japanpost.jp","password":"d2W0pP997"},
{"id":122,"email":"rbaulcombe3d@eventbrite.com","password":"fUczc57WE08C"},
{"id":123,"email":"cvasyuchov3e@ezinearticles.com","password":"0CtVo2FJPu"},
{"id":124,"email":"abosanko3f@pbs.org","password":"nB3dFK"},
{"id":125,"email":"lcordelet3g@nbcnews.com","password":"OT3Nicd"},
{"id":126,"email":"vjessopp3h@independent.co.uk","password":"mWm21cF0rjH"},
{"id":127,"email":"meaves3i@alexa.com","password":"PCzsNYHd"},
{"id":128,"email":"lmattiuzzi3j@auda.org.au","password":"ncVTqsNcoHQ"},
{"id":129,"email":"bbrockest3k@dion.ne.jp","password":"zqCpg1"},
{"id":130,"email":"hwestoff3l@cyberchimps.com","password":"cDSeq2eXN"},
{"id":131,"email":"bskeete3m@qq.com","password":"GCMnitpW"},
{"id":132,"email":"dcrowcher3n@apple.com","password":"hM3Qyp"},
{"id":133,"email":"vthackray3o@wp.com","password":"ambQtd6"},
{"id":134,"email":"gdelong3p@istockphoto.com","password":"OjR8OV"},
{"id":135,"email":"bcrossthwaite3q@biblegateway.com","password":"eBgejm5q2sQb"},
{"id":136,"email":"cjeacock3r@instagram.com","password":"cAtRkL"},
{"id":137,"email":"dcutchey3s@sphinn.com","password":"aaaLvp"},
{"id":138,"email":"ghutcheon3t@hibu.com","password":"OCRhkvHxO"},
{"id":139,"email":"dreina3u@mtv.com","password":"GJjKla"},
{"id":140,"email":"dnormanell3v@cdc.gov","password":"ioQXPf"},
{"id":141,"email":"qloddy3w@t.co","password":"AiXIpgl6a9k"},
{"id":142,"email":"rbrugmann3x@skyrock.com","password":"TQqsqRz"},
{"id":143,"email":"takker3y@google.com.hk","password":"j0WPdxlNX"},
{"id":144,"email":"kjupp3z@salon.com","password":"mSAlztekriU7"},
{"id":145,"email":"kduffett40@gravatar.com","password":"gGEV4D"},
{"id":146,"email":"bmilnes41@jimdo.com","password":"ZPn8UKNN8pRO"},
{"id":147,"email":"yrosendahl42@nymag.com","password":"IFtPs7Uk"},
{"id":148,"email":"enaptin43@wsj.com","password":"6D462vzn98A"},
{"id":149,"email":"hcassam44@issuu.com","password":"cQdMqN6A"},
{"id":150,"email":"dworsnap45@zdnet.com","password":"jA7eC6UtE2p"},
{"id":151,"email":"plethcoe46@youtu.be","password":"PdHGez3Y"},
{"id":152,"email":"bbowshire47@1und1.de","password":"BmDSlT"},
{"id":153,"email":"msleeny48@reddit.com","password":"Cx35pI0hpv"},
{"id":154,"email":"godriscoll49@google.co.uk","password":"QaYiJClsKyr"},
{"id":155,"email":"kmcsporrin4a@de.vu","password":"hNIVs4KIoXc0"},
{"id":156,"email":"sdivill4b@newyorker.com","password":"NA1kmCnCpvgD"},
{"id":157,"email":"llivingstone4c@ed.gov","password":"7xazUd"},
{"id":158,"email":"ngallemore4d@msn.com","password":"5WdK4Jq"},
{"id":159,"email":"eludford4e@tiny.cc","password":"fst7SzK7lk"},
{"id":160,"email":"chofner4f@bing.com","password":"cwe2ZPo"},
{"id":161,"email":"jvasentsov4g@princeton.edu","password":"SfwObBhihZwi"},
{"id":162,"email":"rbinny4h@biblegateway.com","password":"uY6YbLna5Y"},
{"id":163,"email":"achazette4i@g.co","password":"g6Lf35s"},
{"id":164,"email":"fstoodley4j@domainmarket.com","password":"72JgI2I0AkjZ"},
{"id":165,"email":"aormesher4k@vimeo.com","password":"8WxtfK"},
{"id":166,"email":"mkislingbury4l@nifty.com","password":"c33zEEQ"},
{"id":167,"email":"pswanton4m@google.co.jp","password":"Vs7vudY"},
{"id":168,"email":"blyles4n@europa.eu","password":"JdHdbdgUA"},
{"id":169,"email":"scordrey4o@tripod.com","password":"ir95WBWSMJ"},
{"id":170,"email":"hlackney4p@wikipedia.org","password":"fIieRDowu"},
{"id":171,"email":"otuson4q@cnet.com","password":"fVw1kPj0oV"},
{"id":172,"email":"jhockey4r@bluehost.com","password":"L1FHMMmXi"},
{"id":173,"email":"slazonby4s@mozilla.com","password":"vkNB3P"},
{"id":174,"email":"bgoggen4t@prlog.org","password":"79hXgAY63w"},
{"id":175,"email":"rsoldan4u@biblegateway.com","password":"125UAAgJr"},
{"id":176,"email":"rduffitt4v@prlog.org","password":"zf3SSyVNLM9"},
{"id":177,"email":"ddowngate4w@dailymotion.com","password":"sEX1Yv1BssY"},
{"id":178,"email":"rbrabender4x@accuweather.com","password":"ZZNivKreyLCp"},
{"id":179,"email":"wpitkeathley4y@istockphoto.com","password":"zta20AvCzy"},
{"id":180,"email":"bnehl4z@patch.com","password":"IoSDQbB"},
{"id":181,"email":"jdreger50@webmd.com","password":"NVk4kga"},
{"id":182,"email":"hschruur51@noaa.gov","password":"0bydEyy"},
{"id":183,"email":"lcruces52@ebay.co.uk","password":"PMAVRag6fQK"},
{"id":184,"email":"odeval53@bravesites.com","password":"bjUt6Rj"},
{"id":185,"email":"mjessard54@yahoo.co.jp","password":"Ii7eAY"},
{"id":186,"email":"khancke55@xinhuanet.com","password":"udVolsvb"},
{"id":187,"email":"nduddin56@chicagotribune.com","password":"cz7w2oxu"},
{"id":188,"email":"csmales57@plala.or.jp","password":"7C2Rvs1bO"},
{"id":189,"email":"plambol58@shareasale.com","password":"cAWHISc5r"},
{"id":190,"email":"kgieraths59@creativecommons.org","password":"CBkLWWRYo5n5"},
{"id":191,"email":"awalkinshaw5a@mtv.com","password":"mLviHhKSwRS"},
{"id":192,"email":"osuthren5b@goodreads.com","password":"GgnOSRt"},
{"id":193,"email":"pshaefer5c@eventbrite.com","password":"wKNctiWThon"},
{"id":194,"email":"rdisdel5d@odnoklassniki.ru","password":"MH14GYA"},
{"id":195,"email":"dbiffen5e@bravesites.com","password":"InjEen"},
{"id":196,"email":"cattiwill5f@quantcast.com","password":"fnPFRRzR"},
{"id":197,"email":"ahamblyn5g@liveinternet.ru","password":"taWqP3a4l7"},
{"id":198,"email":"grushe5h@dot.gov","password":"y7zjvQ7RtR73"},
{"id":199,"email":"cbudden5i@over-blog.com","password":"fpYoM0MwjS"},
{"id":200,"email":"cweeks5j@baidu.com","password":"ZDD59Z9u"},
{"id":201,"email":"ddarkott5k@newsvine.com","password":"sUFAwPx7nTI6"},
{"id":202,"email":"wkeaveny5l@huffingtonpost.com","password":"lhWmVoDOi"},
{"id":203,"email":"bkinnoch5m@google.fr","password":"Zee9KRAVR6MI"},
{"id":204,"email":"sdanilishin5n@xrea.com","password":"iVcMTf105k"},
{"id":205,"email":"mkisar5o@nationalgeographic.com","password":"6U8GyELK6"},
{"id":206,"email":"grubin5p@hugedomains.com","password":"4rnLZO6YJbWh"},
{"id":207,"email":"gbernaldo5q@disqus.com","password":"xNkiws"},
{"id":208,"email":"mpurches5r@ucoz.ru","password":"6sWLArDv"},
{"id":209,"email":"spietzner5s@answers.com","password":"x9u1og"},
{"id":210,"email":"cgirone5t@gnu.org","password":"fkSoYKtjiQk"},
{"id":211,"email":"bdafforne5u@symantec.com","password":"C1jSW0Bn5"},
{"id":212,"email":"grottenbury5v@cbsnews.com","password":"Wm9jafQX"},
{"id":213,"email":"dmccloughlin5w@cbsnews.com","password":"8TGBNlj"},
{"id":214,"email":"bbirchenhead5x@businessinsider.com","password":"kVU8ggpmkMsC"},
{"id":215,"email":"thabbal5y@google.ca","password":"3vYRGKFNr"},
{"id":216,"email":"rchallener5z@vinaora.com","password":"PyR8Jz5Iq4"},
{"id":217,"email":"ebessom60@telegraph.co.uk","password":"lISaYd"},
{"id":218,"email":"acutforth61@irs.gov","password":"X7CFhGb"},
{"id":219,"email":"rcaldeyroux62@w3.org","password":"Ojh6ijRDTuZ"},
{"id":220,"email":"lsommer63@ca.gov","password":"SUT8Xv"},
{"id":221,"email":"mdigan64@arizona.edu","password":"OxX75iMoGPj"},
{"id":222,"email":"cleblond65@ucoz.ru","password":"TUwQNIqLlQ"},
{"id":223,"email":"ogandy66@ycombinator.com","password":"R8MexKll"},
{"id":224,"email":"ileither67@ca.gov","password":"9aQt864w4E"},
{"id":225,"email":"noverstreet68@yelp.com","password":"gkHJBz1UhR"},
{"id":226,"email":"gmcconnel69@woothemes.com","password":"8wZNT5eEvAPA"},
{"id":227,"email":"gcully6a@goo.gl","password":"QptmP0G"},
{"id":228,"email":"fertelt6b@meetup.com","password":"t91rHBPeDO5"},
{"id":229,"email":"cvogeller6c@columbia.edu","password":"BFUnsMAs7Brz"},
{"id":230,"email":"bstutt6d@over-blog.com","password":"omGDtLe0"},
{"id":231,"email":"sboole6e@google.it","password":"4oqFTl"},
{"id":232,"email":"nflewett6f@cdc.gov","password":"8wuBPNJrpI"},
{"id":233,"email":"mkeneford6g@blog.com","password":"G1I2b12"},
{"id":234,"email":"cilbert6h@amazonaws.com","password":"KeDvxoO4q"},
{"id":235,"email":"bkundt6i@bbc.co.uk","password":"FASeWboos"},
{"id":236,"email":"bkaesmans6j@themeforest.net","password":"TaQj27pcq"},
{"id":237,"email":"cpetyankin6k@wiley.com","password":"MNDI5Wy5XM"},
{"id":238,"email":"sfilippov6l@nytimes.com","password":"ANkKYaBZr"},
{"id":239,"email":"jauld6m@weather.com","password":"YL3ovoODAi"},
{"id":240,"email":"cmulhill6n@youtube.com","password":"57U27uO"},
{"id":241,"email":"nkrink6o@columbia.edu","password":"SNVXOCIT"},
{"id":242,"email":"wdougherty6p@de.vu","password":"yfsBc6r"},
{"id":243,"email":"amacswayde6q@huffingtonpost.com","password":"rTCs43eIVHeK"},
{"id":244,"email":"hhagger6r@shop-pro.jp","password":"ij4kXi"},
{"id":245,"email":"glardiner6s@yellowbook.com","password":"GN3lyUZIz9D"},
{"id":246,"email":"jardern6t@oakley.com","password":"HOj3Kx"},
{"id":247,"email":"kgorstidge6u@omniture.com","password":"XtQUExmDA9ST"},
{"id":248,"email":"tmiller6v@patch.com","password":"Dk2xa0xyyNF"},
{"id":249,"email":"mblowne6w@joomla.org","password":"keWOiL"},
{"id":250,"email":"jrobathon6x@dell.com","password":"dXdT89VA9bSb"},
{"id":251,"email":"nknowlton6y@de.vu","password":"qe5LUSae"},
{"id":252,"email":"erobker6z@dailymotion.com","password":"TpySWs"},
{"id":253,"email":"lfermer70@hibu.com","password":"mWrYWf8"},
{"id":254,"email":"galeksankov71@google.com.au","password":"CpNI94"},
{"id":255,"email":"kmenat72@zdnet.com","password":"WSC7AfB24lx"},
{"id":256,"email":"pbonfield73@hexun.com","password":"cnYReM"},
{"id":257,"email":"mstart74@unblog.fr","password":"q5D7zl2"},
{"id":258,"email":"zwhapple75@apache.org","password":"05iVbbuk931"},
{"id":259,"email":"sdupre76@nationalgeographic.com","password":"bqBeDIEMksxQ"},
{"id":260,"email":"rfrow77@sourceforge.net","password":"s8fR5P0"},
{"id":261,"email":"ngonthard78@acquirethisname.com","password":"Tg7UybI"},
{"id":262,"email":"xteresa79@epa.gov","password":"VgevnJTfrp"},
{"id":263,"email":"fhaggett7a@amazon.co.uk","password":"GFlBgeM"},
{"id":264,"email":"mduggen7b@earthlink.net","password":"kwyIG9"},
{"id":265,"email":"zdormer7c@mayoclinic.com","password":"2FrfOmGJX"},
{"id":266,"email":"gmcdermot7d@blinklist.com","password":"tDNPWDzgfwKl"},
{"id":267,"email":"jcottill7e@tumblr.com","password":"FkSbTut7FuQ4"},
{"id":268,"email":"btambling7f@spotify.com","password":"4xaucStugm"},
{"id":269,"email":"gturbayne7g@forbes.com","password":"jVJBKno"},
{"id":270,"email":"mfranks7h@washington.edu","password":"6ZCJRbj9P"},
{"id":271,"email":"tcurnokk7i@dyndns.org","password":"Y23lwfyn"},
{"id":272,"email":"sroobottom7j@last.fm","password":"XBYmKaGtuPV"},
{"id":273,"email":"zholyard7k@desdev.cn","password":"tvSGtoSpCo"},
{"id":274,"email":"fdisman7l@ycombinator.com","password":"kkSIsd84d"},
{"id":275,"email":"igann7m@plala.or.jp","password":"KPVYckNNO"},
{"id":276,"email":"bgillcrist7n@rakuten.co.jp","password":"X2YMi0g"},
{"id":277,"email":"lnormanvell7o@techcrunch.com","password":"Vg0Yc8IFFV"},
{"id":278,"email":"vgorriessen7p@apple.com","password":"mgBwLvCHRMY0"},
{"id":279,"email":"jcinderey7q@ow.ly","password":"IgkeYoe6U"},
{"id":280,"email":"gpeto7r@cnn.com","password":"1mO1B1tuh"},
{"id":281,"email":"bsymon7s@epa.gov","password":"NkJcCFbiQ"},
{"id":282,"email":"lmccathie7t@shinystat.com","password":"8yAXvI0dJ"},
{"id":283,"email":"hyerlett7u@jigsy.com","password":"HhQNvd3K"},
{"id":284,"email":"mkniveton7v@washingtonpost.com","password":"RxY9YX"},
{"id":285,"email":"lconsadine7w@issuu.com","password":"rEw9W6uG"},
{"id":286,"email":"rtilling7x@360.cn","password":"RnPggO8vf6"},
{"id":287,"email":"dmeany7y@lycos.com","password":"KlJuQEgYyW3e"},
{"id":288,"email":"gpache7z@last.fm","password":"QbZKpcKz4Ys"},
{"id":289,"email":"mruoss80@ox.ac.uk","password":"CcRIeI4"},
{"id":290,"email":"pmckiernan81@homestead.com","password":"iH8OkS5IPC"},
{"id":291,"email":"tewens82@mac.com","password":"YdmTFOn7"},
{"id":292,"email":"cgaroghan83@tmall.com","password":"bDnpzbb"},
{"id":293,"email":"dmckibben84@clickbank.net","password":"Sa7yuK"},
{"id":294,"email":"atryme85@cdbaby.com","password":"wlY7YS"},
{"id":295,"email":"abenzing86@sogou.com","password":"pjk3A3XC"},
{"id":296,"email":"jbibey87@shinystat.com","password":"fKnbghEGY"},
{"id":297,"email":"pillesley88@a8.net","password":"XjDb1RIYzWt2"},
{"id":298,"email":"ashimmans89@jugem.jp","password":"6f5Tfxd"},
{"id":299,"email":"llympenie8a@sitemeter.com","password":"ZTKLfq2kR"},
{"id":300,"email":"noggers8b@1und1.de","password":"V40GxQ"},
{"id":301,"email":"agianetti8c@narod.ru","password":"7uCJXioYoY"},
{"id":302,"email":"aolford8d@cbslocal.com","password":"20lKpUr"},
{"id":303,"email":"ebefroy8e@wired.com","password":"OIdGXE6POVtr"},
{"id":304,"email":"ckeast8f@oakley.com","password":"G3q0U7O2"},
{"id":305,"email":"mbranchflower8g@amazon.co.jp","password":"L78KZV3c3Z"},
{"id":306,"email":"lschneider8h@army.mil","password":"qqODT6LaGC"},
{"id":307,"email":"tmasham8i@guardian.co.uk","password":"m2yQ7yAbJB"},
{"id":308,"email":"ebram8j@theatlantic.com","password":"eIVAUI"},
{"id":309,"email":"agreeveson8k@vkontakte.ru","password":"mQ4hZ4zUlwfZ"},
{"id":310,"email":"wgallally8l@imdb.com","password":"nR624Pnh"},
{"id":311,"email":"nfranzman8m@wikipedia.org","password":"QFWXxXHrOWM0"},
{"id":312,"email":"sjikovsky8n@engadget.com","password":"xnJOHQgU3xk"},
{"id":313,"email":"igethings8o@sitemeter.com","password":"9WZwKhrYm3"},
{"id":314,"email":"msurmon8p@topsy.com","password":"20CV0Msp"},
{"id":315,"email":"rhammerstone8q@twitpic.com","password":"9GeWz3yJ"},
{"id":316,"email":"cfarden8r@sina.com.cn","password":"1SHWS0kY2f"},
{"id":317,"email":"hdunguy8s@php.net","password":"cGBDHoW8u"},
{"id":318,"email":"jjojic8t@so-net.ne.jp","password":"hWdMZU"},
{"id":319,"email":"abownes8u@printfriendly.com","password":"0KClFm"},
{"id":320,"email":"gmarshallsay8v@moonfruit.com","password":"UsWHqe7RYLt"},
{"id":321,"email":"kdibbs8w@blinklist.com","password":"ocH37Nm9MULh"},
{"id":322,"email":"flowcock8x@fema.gov","password":"UFtdGV2"},
{"id":323,"email":"ostonnell8y@sitemeter.com","password":"SAaKPTu"},
{"id":324,"email":"ptibald8z@spotify.com","password":"SwSIS1cdlYlg"},
{"id":325,"email":"srayner90@sbwire.com","password":"IA7kBLDBx"},
{"id":326,"email":"fboarer91@irs.gov","password":"hlF3A4rZNUxj"},
{"id":327,"email":"lgergher92@google.pl","password":"ca07X5H"},
{"id":328,"email":"jbyham93@nyu.edu","password":"EFsCKcSGG"},
{"id":329,"email":"boriordan94@parallels.com","password":"PIZODm"},
{"id":330,"email":"abaal95@jigsy.com","password":"o4Ls0H4N"},
{"id":331,"email":"fshilton96@goo.ne.jp","password":"JSB5iod2l"},
{"id":332,"email":"hjewise97@digg.com","password":"a1fJD9o5qBz"},
{"id":333,"email":"fpollastrino98@flickr.com","password":"IVRw09oRo"},
{"id":334,"email":"lpriddle99@aol.com","password":"A5cZkWm"},
{"id":335,"email":"chazlehurst9a@cbslocal.com","password":"xetRknE"},
{"id":336,"email":"mashtonhurst9b@wordpress.com","password":"USP8ns"},
{"id":337,"email":"hloughrey9c@bbc.co.uk","password":"HFIjv2W"},
{"id":338,"email":"mdelue9d@altervista.org","password":"IfjHK7yRT"},
{"id":339,"email":"mantoons9e@tmall.com","password":"GK1kSW5"},
{"id":340,"email":"mlaughrey9f@unicef.org","password":"Juh8AkHm"},
{"id":341,"email":"fdunnet9g@surveymonkey.com","password":"z2iq8cU"},
{"id":342,"email":"dlegate9h@google.com.hk","password":"FfWnr3NtVix"},
{"id":343,"email":"candreas9i@mozilla.org","password":"5Llghp"},
{"id":344,"email":"kkershaw9j@reddit.com","password":"7fS1cS2ND6lt"},
{"id":345,"email":"jcollyer9k@upenn.edu","password":"NBj1DG"},
{"id":346,"email":"ocline9l@plala.or.jp","password":"tCCHq89Ygn"},
{"id":347,"email":"lbowe9m@cornell.edu","password":"iY4kd8PD2Kbk"},
{"id":348,"email":"hwheelan9n@odnoklassniki.ru","password":"jgRwH6rL"},
{"id":349,"email":"nhackney9o@g.co","password":"CRNEzt"},
{"id":350,"email":"fschaumann9p@va.gov","password":"pOr4bUgg"},
{"id":351,"email":"ccovotto9q@chronoengine.com","password":"aeDBOzFi"},
{"id":352,"email":"tvasin9r@dmoz.org","password":"gqrsdjFTTY"},
{"id":353,"email":"bmacfadzan9s@hp.com","password":"3JMU6ao"},
{"id":354,"email":"rsantacrole9t@admin.ch","password":"I9Q3f44"},
{"id":355,"email":"glaffan9u@geocities.jp","password":"xDnUD5LGMTR"},
{"id":356,"email":"odellenbach9v@wiley.com","password":"UBCENuktPjZ"},
{"id":357,"email":"dchedgey9w@mac.com","password":"DniCRcvP"},
{"id":358,"email":"gblune9x@nih.gov","password":"LCfwHTaaq"},
{"id":359,"email":"rferrierio9y@ft.com","password":"y5OpDVRI9m"},
{"id":360,"email":"vdowdeswell9z@dmoz.org","password":"TRpQJlWFT"},
{"id":361,"email":"bdaftera0@slashdot.org","password":"6ymDvnOXN"},
{"id":362,"email":"bdawida1@blogtalkradio.com","password":"ALX7O1oGe"},
{"id":363,"email":"krobberechta2@addtoany.com","password":"T75AWz"},
{"id":364,"email":"ahallwarda3@people.com.cn","password":"VkNSPWO"},
{"id":365,"email":"mfrodsama4@google.fr","password":"aY3mKyKvtf6"},
{"id":366,"email":"vwyliea5@woothemes.com","password":"dBboxRqH"},
{"id":367,"email":"sissita6@sina.com.cn","password":"a5yNjR9gd3"},
{"id":368,"email":"phousegoa7@barnesandnoble.com","password":"j9Zb2dDbvtnH"},
{"id":369,"email":"sclewleya8@wikia.com","password":"SdF4XPy7HM"},
{"id":370,"email":"rbundocka9@meetup.com","password":"e3JKyBi5Km"},
{"id":371,"email":"gjessenaa@altervista.org","password":"iIuCxAPixd"},
{"id":372,"email":"bcleaverab@zdnet.com","password":"GmWjGPH6"},
{"id":373,"email":"alegerwoodac@goodreads.com","password":"r68cdvkC"},
{"id":374,"email":"jaguilarad@i2i.jp","password":"9wGrXEnjQBHJ"},
{"id":375,"email":"rscarsbrookeae@wordpress.com","password":"3HeDowaVIK"},
{"id":376,"email":"fdumbareaf@auda.org.au","password":"x6YqkBRGL"},
{"id":377,"email":"lantoszewskiag@dailymail.co.uk","password":"RX62jk6A"},
{"id":378,"email":"rdarlingah@prnewswire.com","password":"902sYdY4olm"},
{"id":379,"email":"nerbai@sina.com.cn","password":"j5K6Vc"},
{"id":380,"email":"bnotoaj@mozilla.org","password":"h9RDn5VbQh4"},
{"id":381,"email":"lmarteletak@people.com.cn","password":"H6v0On"},
{"id":382,"email":"cstronackal@livejournal.com","password":"vBwFmnpK5"},
{"id":383,"email":"cgeddesam@fda.gov","password":"MondObWDTzy"},
{"id":384,"email":"bconisbeean@php.net","password":"2jJESiAye9A"},
{"id":385,"email":"dbleythinao@ehow.com","password":"p1LMaI"},
{"id":386,"email":"csammeap@mayoclinic.com","password":"rOlZTkx"},
{"id":387,"email":"kfeatherstonhaughaq@oaic.gov.au","password":"Pw0eOyCvb8"},
{"id":388,"email":"mscraneyar@yahoo.com","password":"RQWS0n59"},
{"id":389,"email":"akamallas@wiley.com","password":"78CQ2t5wmC4"},
{"id":390,"email":"rbellerat@dailymotion.com","password":"fpOMSJvp5VjG"},
{"id":391,"email":"lgammellau@soundcloud.com","password":"8sRHdtKwG8"},
{"id":392,"email":"jnolliav@altervista.org","password":"zfDOoNsoGKv7"},
{"id":393,"email":"hkinleysideaw@pagesperso-orange.fr","password":"O7TI2w8lPZ"},
{"id":394,"email":"jburchnallax@mayoclinic.com","password":"6ZsvlG"},
{"id":395,"email":"barnoldsay@comcast.net","password":"g6u14Mw"},
{"id":396,"email":"lclissettaz@wunderground.com","password":"9GjeCHgM1"},
{"id":397,"email":"mstonhewerb0@netlog.com","password":"9mfBN0BP6In"},
{"id":398,"email":"mfateleyb1@canalblog.com","password":"6rtVhgkL0C"},
{"id":399,"email":"astockbridgeb2@wunderground.com","password":"rBEhGK2Y"},
{"id":400,"email":"hcuttleb3@nsw.gov.au","password":"bZpHHXy"},
{"id":401,"email":"dbettertonb4@usa.gov","password":"rTduzFXHqPC"},
{"id":402,"email":"watleyb5@ibm.com","password":"HFwzNf"},
{"id":403,"email":"hclougherb6@google.com.br","password":"756va0Dh"},
{"id":404,"email":"dlonghorneb7@trellian.com","password":"puTGCdnQqHJq"},
{"id":405,"email":"krewcastleb8@dailymotion.com","password":"Dk6EKtukFZ6t"},
{"id":406,"email":"rglandonb9@yahoo.co.jp","password":"b3IcVg"},
{"id":407,"email":"ptheuffba@webeden.co.uk","password":"C9JgBTP"},
{"id":408,"email":"jsabbatierbb@xinhuanet.com","password":"QmpABDhaTDkr"},
{"id":409,"email":"mcarikbc@google.com.au","password":"OrK1tXAM8"},
{"id":410,"email":"lmcgonnellbd@unblog.fr","password":"OrXctx39"},
{"id":411,"email":"puzzellbe@skype.com","password":"itG4WrQF"},
{"id":412,"email":"rbizzeybf@diigo.com","password":"HrevWu"},
{"id":413,"email":"mbortolottibg@myspace.com","password":"r7DuDE2x91Z"},
{"id":414,"email":"ebresnenbh@squidoo.com","password":"DktJsMjVtK"},
{"id":415,"email":"mleamybi@tumblr.com","password":"0aZEJM1oFH"},
{"id":416,"email":"mcarsebj@springer.com","password":"Nx3EkEPGT"},
{"id":417,"email":"edunsmorebk@51.la","password":"yJR1dUFK"},
{"id":418,"email":"psteedmanbl@hibu.com","password":"Uy0TxSOufizB"},
{"id":419,"email":"bjoebm@google.cn","password":"E5C75nLSkx"},
{"id":420,"email":"mvorleybn@marriott.com","password":"yiHYuV0"},
{"id":421,"email":"jscotsbrookbo@wunderground.com","password":"TnEAfm0"},
{"id":422,"email":"amassotbp@livejournal.com","password":"32oVcU"},
{"id":423,"email":"rtoselandbq@cnbc.com","password":"geQRRzbqh11"},
{"id":424,"email":"jquadribr@webmd.com","password":"uOnTLnxa"},
{"id":425,"email":"gfarnworthbs@woothemes.com","password":"mf8rqUvbC"},
{"id":426,"email":"cnegribt@devhub.com","password":"XP6Z4SGAXrz"},
{"id":427,"email":"phartingtonbu@cargocollective.com","password":"1govOyavc"},
{"id":428,"email":"jmcinallybv@imdb.com","password":"OEZxhyU3Dqe"},
{"id":429,"email":"vwaddambw@hao123.com","password":"NXhTBbzPe"},
{"id":430,"email":"csarlbx@hugedomains.com","password":"0XksnQ9gjxOu"},
{"id":431,"email":"adealtryby@si.edu","password":"2lE67P7Bi"},
{"id":432,"email":"lpalfreebz@hibu.com","password":"6Xi6fl3oK"},
{"id":433,"email":"mpeachmanc0@blog.com","password":"4edNBC7yub0"},
{"id":434,"email":"rsuggec1@a8.net","password":"Xiqv9LaxXY0"},
{"id":435,"email":"cmoggiec2@nature.com","password":"afgBLVqNiFm"},
{"id":436,"email":"ztipperc3@ustream.tv","password":"Y27Utzav"},
{"id":437,"email":"hnodenc4@360.cn","password":"iCJBugfVd"},
{"id":438,"email":"cmudgec5@smugmug.com","password":"UOIBUfmWMw"},
{"id":439,"email":"dmarusikc6@theatlantic.com","password":"UKydwau"},
{"id":440,"email":"bscrivenerc7@huffingtonpost.com","password":"9KwOSkajPvx"},
{"id":441,"email":"tbrosiusc8@census.gov","password":"Q2DYs7tnyL"},
{"id":442,"email":"kgreatrexc9@skyrock.com","password":"KvpaM2Ng6"},
{"id":443,"email":"cpudanca@vkontakte.ru","password":"x9EHpijojfh3"},
{"id":444,"email":"ghaddlestoncb@scientificamerican.com","password":"7Mu0agby9"},
{"id":445,"email":"jrichichicc@foxnews.com","password":"r5NzrWoJ"},
{"id":446,"email":"bgilpillancd@spiegel.de","password":"o58PTLQ5"},
{"id":447,"email":"vbellince@csmonitor.com","password":"d5hmurbVZU"},
{"id":448,"email":"skettellcf@acquirethisname.com","password":"THtV97f"},
{"id":449,"email":"ddeambrosiscg@tripod.com","password":"dR5ubqm6wqxs"},
{"id":450,"email":"dwhaleych@example.com","password":"vtxTu6OONWJ3"},
{"id":451,"email":"ripsleyci@uiuc.edu","password":"oiUoQrkLPxvP"},
{"id":452,"email":"ddollincj@arizona.edu","password":"FVKsn2"},
{"id":453,"email":"ekersleyck@google.co.jp","password":"ywLeDU6s"},
{"id":454,"email":"wsyrattcl@bloglines.com","password":"pYOSwEk7"},
{"id":455,"email":"ihugecm@zdnet.com","password":"AqIVM6yp"},
{"id":456,"email":"opalombicn@youtube.com","password":"vzILMuJ8JzQn"},
{"id":457,"email":"htimminsco@answers.com","password":"jNIwbjRU3L"},
{"id":458,"email":"etyndallcp@army.mil","password":"q7cinCPs"},
{"id":459,"email":"echapplecq@facebook.com","password":"al48WUQlaWUD"},
{"id":460,"email":"boswaldcr@wordpress.com","password":"Rnbh8LhIOESn"},
{"id":461,"email":"kcreadycs@fda.gov","password":"hlfqkc5s3m"},
{"id":462,"email":"wcocklect@1688.com","password":"JveeWOTkwTAC"},
{"id":463,"email":"gstringmancu@cnbc.com","password":"2EWmiomzQ"},
{"id":464,"email":"ialsinacv@sakura.ne.jp","password":"TU19Ro024y"},
{"id":465,"email":"pmansuercw@abc.net.au","password":"BsRwmv"},
{"id":466,"email":"mulyetcx@technorati.com","password":"vTdByLiNNV"},
{"id":467,"email":"smacfiecy@wsj.com","password":"TooY1dt"},
{"id":468,"email":"lgynncz@networksolutions.com","password":"At7KPQ0"},
{"id":469,"email":"deardleyd0@yelp.com","password":"1l1Y4cgYIb"},
{"id":470,"email":"kjolliffed1@jimdo.com","password":"enq6OmOLD"},
{"id":471,"email":"fbocklerd2@people.com.cn","password":"TqMhwU"},
{"id":472,"email":"hmitchelld3@earthlink.net","password":"QOqBoVREf"},
{"id":473,"email":"scaugheyd4@geocities.jp","password":"GN8JUJcow"},
{"id":474,"email":"sjarmand5@bravesites.com","password":"GmAkuzt4cTv"},
{"id":475,"email":"ndimblebyd6@hostgator.com","password":"pm2JLH"},
{"id":476,"email":"gkilbaned7@slate.com","password":"dGPGhH87jmB"},
{"id":477,"email":"rseiffertd8@cnet.com","password":"iuyhKL"},
{"id":478,"email":"bkestelld9@wiley.com","password":"WPMeX3FBfrX"},
{"id":479,"email":"htabrettda@zimbio.com","password":"NzFeEH9"},
{"id":480,"email":"rredingtondb@moonfruit.com","password":"mat7wIPDp"},
{"id":481,"email":"caffrondc@shutterfly.com","password":"aTwD7wdN"},
{"id":482,"email":"lputtickdd@latimes.com","password":"xOERTRMi"},
{"id":483,"email":"ecoldtartde@nba.com","password":"gXs5spxBGpZ6"},
{"id":484,"email":"dgoldsondf@howstuffworks.com","password":"wO2o4XR9X"},
{"id":485,"email":"tdibiagiodg@bravesites.com","password":"z9khEZ"},
{"id":486,"email":"hpresideydh@bing.com","password":"k4zGsQM"},
{"id":487,"email":"mcastilljodi@ibm.com","password":"TaOQyYA"},
{"id":488,"email":"ewenderothdj@woothemes.com","password":"9KHnIX"},
{"id":489,"email":"jmazelladk@cyberchimps.com","password":"whSuwlXKx"},
{"id":490,"email":"ngerreddl@economist.com","password":"j02iMCR"},
{"id":491,"email":"llycettdm@cafepress.com","password":"JDmFxqmvc"},
{"id":492,"email":"mmartignonidn@fda.gov","password":"FwJvHZy2L"},
{"id":493,"email":"htripetdo@bizjournals.com","password":"4Wlj0f"},
{"id":494,"email":"ltelforddp@creativecommons.org","password":"iNNO717L"},
{"id":495,"email":"eaubindq@gnu.org","password":"f9eBOAGa9z"},
{"id":496,"email":"lblanndr@phoca.cz","password":"r5PlxSHkJIc9"},
{"id":497,"email":"mfurlongeds@abc.net.au","password":"2MwEznJnCF"},
{"id":498,"email":"mbortolomeidt@nyu.edu","password":"ZMzOWGmehFBx"},
{"id":499,"email":"dcamfielddu@archive.org","password":"6mGMObWZ73"},
{"id":500,"email":"rgolstondv@wix.com","password":"fqIzJsWzTg0"},
{"id":501,"email":"bcecchetellidw@free.fr","password":"qRDqduE41"},
{"id":502,"email":"gmollisondx@live.com","password":"NI15k6G5"},
{"id":503,"email":"bthornborrowdy@yahoo.com","password":"bopt2HAN"},
{"id":504,"email":"cjoneydz@digg.com","password":"hc4IrrknIj"},
{"id":505,"email":"jwilderspoone0@slate.com","password":"7Mdid9"},
{"id":506,"email":"rberzene1@telegraph.co.uk","password":"OBlz6sk2"},
{"id":507,"email":"cknellere2@cmu.edu","password":"e6aXb0z22bf"},
{"id":508,"email":"arushbye3@ocn.ne.jp","password":"T3rl2iXn"},
{"id":509,"email":"wbraunleine4@sina.com.cn","password":"p1yETr"},
{"id":510,"email":"gotleye5@reference.com","password":"AQING1Ro"},
{"id":511,"email":"bhartlesse6@usgs.gov","password":"hNi5EE4Qbd"},
{"id":512,"email":"ckolinskye7@amazon.co.jp","password":"TNagBy"},
{"id":513,"email":"jmaccaheye8@jiathis.com","password":"rGY3QmEYW4y"},
{"id":514,"email":"ltewe9@hatena.ne.jp","password":"t23mbJaa"},
{"id":515,"email":"tocullinaneea@google.cn","password":"azcIQYzf"},
{"id":516,"email":"lmatheloneb@desdev.cn","password":"fR9ovA"},
{"id":517,"email":"anorthoverec@simplemachines.org","password":"J0tAHQUu"},
{"id":518,"email":"jgebhardted@blogtalkradio.com","password":"TuC6HqLnbc"},
{"id":519,"email":"ghintzeee@techcrunch.com","password":"RNddQEFuKC"},
{"id":520,"email":"rfauningef@google.co.jp","password":"RXsy8wbst"},
{"id":521,"email":"bgoudgeeg@archive.org","password":"L1dkwe3z"},
{"id":522,"email":"jbownesseh@google.de","password":"0bzy8SKux"},
{"id":523,"email":"bshakesbyei@discovery.com","password":"KllnfRtsKVb2"},
{"id":524,"email":"tguwerej@cdbaby.com","password":"PZ2j0cq6s"},
{"id":525,"email":"forchardek@economist.com","password":"9cS3YetL"},
{"id":526,"email":"mpachtel@discuz.net","password":"7Wix7o5fPNYz"},
{"id":527,"email":"ykneaphseyem@zdnet.com","password":"Ryv01w3Durd0"},
{"id":528,"email":"jbealtonen@bloglovin.com","password":"RmtlGX"},
{"id":529,"email":"kdraiseyeo@example.com","password":"gCFS2Yfd"},
{"id":530,"email":"gcasseyep@oakley.com","password":"qn8Zfy2"},
{"id":531,"email":"bsaienseq@cam.ac.uk","password":"fN89S4VUlXG"},
{"id":532,"email":"gvyseer@de.vu","password":"Ob08fp68"},
{"id":533,"email":"vtimmses@mozilla.com","password":"j39XAIR"},
{"id":534,"email":"prounsefellet@wikispaces.com","password":"glpGuzEm7y"},
{"id":535,"email":"gmattheisseneu@nyu.edu","password":"Jmw3DV"},
{"id":536,"email":"asambidgeev@com.com","password":"BUl0Y0l1qhg"},
{"id":537,"email":"schoatew@parallels.com","password":"xUyrtPNSV1K"},
{"id":538,"email":"pseageex@samsung.com","password":"RbPe1kV"},
{"id":539,"email":"dmatashkiney@imgur.com","password":"jqtV7sP"},
{"id":540,"email":"mdolbeyez@nhs.uk","password":"8MDiBIRTLsH8"},
{"id":541,"email":"bboutellf0@chicagotribune.com","password":"K1aUa0G2j"},
{"id":542,"email":"dkynndf1@delicious.com","password":"AdtGdEJjFQHb"},
{"id":543,"email":"zdugaldf2@delicious.com","password":"qZ9N8t9"},
{"id":544,"email":"ddobkinf3@wikimedia.org","password":"kwuv2tDKFoZ"},
{"id":545,"email":"lelcottf4@hhs.gov","password":"7zACgQcVblj"},
{"id":546,"email":"gbaxstarf5@epa.gov","password":"9Iz1Y9Ymb"},
{"id":547,"email":"ameadf6@blogspot.com","password":"Z6NpgEQNLxV"},
{"id":548,"email":"ewoodhamsf7@toplist.cz","password":"CIq9PIRAg"},
{"id":549,"email":"cfortyf8@joomla.org","password":"Ka6UB5"},
{"id":550,"email":"micetonf9@shop-pro.jp","password":"kIHEBtG"},
{"id":551,"email":"khethronfa@webs.com","password":"QR6LHA3"},
{"id":552,"email":"cbrocksfb@nytimes.com","password":"p0uDkLEt9k9V"},
{"id":553,"email":"mgiannassifc@myspace.com","password":"CewgiALB"},
{"id":554,"email":"lmcgeneayfd@wired.com","password":"uCT01WUIRnjf"},
{"id":555,"email":"rronchife@e-recht24.de","password":"6xJff3q"},
{"id":556,"email":"mfluckerff@nytimes.com","password":"bGPFDM7C4"},
{"id":557,"email":"llysfg@bbc.co.uk","password":"QM2ktv"},
{"id":558,"email":"pullrichfh@jiathis.com","password":"Qiaejg"},
{"id":559,"email":"yhayerfi@economist.com","password":"yTp0NX4VWS"},
{"id":560,"email":"ehelsdonfj@census.gov","password":"onq5gO"},
{"id":561,"email":"esyalvesterfk@wp.com","password":"VuOruz2D5"},
{"id":562,"email":"hcowansfl@rambler.ru","password":"mMzNhJs"},
{"id":563,"email":"pbarffordfm@geocities.com","password":"xhaBuHtdbuW"},
{"id":564,"email":"atrowlfn@hud.gov","password":"25xNmphg"},
{"id":565,"email":"cbonseyfo@google.com.hk","password":"pGlUi127do"},
{"id":566,"email":"dpleyfp@jigsy.com","password":"J9I2niGgqBJp"},
{"id":567,"email":"wmogenotfq@usnews.com","password":"vAiGRpGmCRbI"},
{"id":568,"email":"dnovichenkofr@yellowpages.com","password":"2w85qrIhb1GX"},
{"id":569,"email":"lgrebertfs@tamu.edu","password":"lTAum5"},
{"id":570,"email":"mgregolinft@answers.com","password":"qovRsLI0tiy"},
{"id":571,"email":"ctophamfu@msu.edu","password":"I9JDK4WHT"},
{"id":572,"email":"eczajkafv@forbes.com","password":"QXPwMvXEX"},
{"id":573,"email":"dquickfallfw@ftc.gov","password":"Tpt2rYZCI"},
{"id":574,"email":"hpettitfx@cdc.gov","password":"3VE4ed2wsga"},
{"id":575,"email":"esegrottfy@cocolog-nifty.com","password":"Z4pbZps"},
{"id":576,"email":"mandreifz@wufoo.com","password":"cebE4OmhQ"},
{"id":577,"email":"hpozzog0@techcrunch.com","password":"CeMeg6AgQiCu"},
{"id":578,"email":"ccuskeryg1@ycombinator.com","password":"DLFLN14TGwwm"},
{"id":579,"email":"tbartolomeug2@hibu.com","password":"36hCby"},
{"id":580,"email":"swindersg3@ameblo.jp","password":"gcLHmrTMih"},
{"id":581,"email":"nspinolag4@google.com.au","password":"JGFUhQe"},
{"id":582,"email":"jprettyjohnsg5@ow.ly","password":"Ly6KouQE1"},
{"id":583,"email":"rblickg6@cbsnews.com","password":"ckPjoePtku"},
{"id":584,"email":"gsakinsg7@sohu.com","password":"OA6gOgQfuSPk"},
{"id":585,"email":"ceyrlg8@infoseek.co.jp","password":"hPCnQJ58mLw"},
{"id":586,"email":"tdomineyg9@blogtalkradio.com","password":"03Hds6oJKkoN"},
{"id":587,"email":"gsyradga@typepad.com","password":"PaMvEwC"},
{"id":588,"email":"ghorsteadgb@technorati.com","password":"Nm7UE0"},
{"id":589,"email":"aglasardgc@kickstarter.com","password":"d9IXXz3dC9jM"},
{"id":590,"email":"elightgd@tinypic.com","password":"b0Kci8HJ54"},
{"id":591,"email":"bnerhenyge@gravatar.com","password":"BOcwamdZVoiF"},
{"id":592,"email":"kposchelgf@prlog.org","password":"MCnX04c"},
{"id":593,"email":"lgrishakingg@newsvine.com","password":"K1KAHyF0"},
{"id":594,"email":"lhighwoodgh@wix.com","password":"NYeOret23MN"},
{"id":595,"email":"gdrinkhallgi@hubpages.com","password":"ITWoFLM5"},
{"id":596,"email":"ldevuystgj@whitehouse.gov","password":"JLQg03T4m993"},
{"id":597,"email":"flyndongk@drupal.org","password":"p9z2y1q"},
{"id":598,"email":"npiggingl@over-blog.com","password":"WiLRtoZRjIKz"},
{"id":599,"email":"zduesberrygm@printfriendly.com","password":"veWfA80Rs0l"},
{"id":600,"email":"fbiasign@samsung.com","password":"MWB7WjoBwQw4"},
{"id":601,"email":"lmacpaikgo@sina.com.cn","password":"98FnTmYR"},
{"id":602,"email":"ebailesgp@intel.com","password":"lhULNv"},
{"id":603,"email":"hbroadbeargq@hugedomains.com","password":"iUqrEMPC"},
{"id":604,"email":"hswetenhamgr@gnu.org","password":"LlC81DLkP"},
{"id":605,"email":"mwhitehallgs@shop-pro.jp","password":"6Y8WBg"},
{"id":606,"email":"asmallsmangt@surveymonkey.com","password":"jdjv4TWVDq"},
{"id":607,"email":"mlukeschgu@answers.com","password":"mGZlfSrC"},
{"id":608,"email":"ecammockegv@bluehost.com","password":"99cFOE1MO"},
{"id":609,"email":"abrecknockgw@businesswire.com","password":"W3v63FxJ7T"},
{"id":610,"email":"jcalrowgx@360.cn","password":"a7XQQAKEd7B"},
{"id":611,"email":"kbolderoegy@digg.com","password":"1ANVSo"},
{"id":612,"email":"ltwinboroughgz@exblog.jp","password":"cj5L6mDz"},
{"id":613,"email":"ituiteh0@huffingtonpost.com","password":"QYQciAnV7aL"},
{"id":614,"email":"dguerrieroh1@hatena.ne.jp","password":"kAuhc8GfE195"},
{"id":615,"email":"canmoreh2@lycos.com","password":"jKDmFD"},
{"id":616,"email":"gbrineh3@msn.com","password":"EC61aSA"},
{"id":617,"email":"skidmanh4@last.fm","password":"SMwNhj8PaMy"},
{"id":618,"email":"csternh5@timesonline.co.uk","password":"YIiUxxUy8"},
{"id":619,"email":"lminsterh6@walmart.com","password":"vWlvK81INDYc"},
{"id":620,"email":"jdrescheh7@liveinternet.ru","password":"w1lFwOo"},
{"id":621,"email":"vhodcrofth8@washington.edu","password":"iOdbr9c"},
{"id":622,"email":"bblackeyh9@psu.edu","password":"6KliMSa"},
{"id":623,"email":"fclotworthyha@etsy.com","password":"tJEMV1"},
{"id":624,"email":"akhrishtafovichhb@ifeng.com","password":"QSkJIrHlW"},
{"id":625,"email":"tlambolehc@rambler.ru","password":"BOzXPHc"},
{"id":626,"email":"sholthamhd@storify.com","password":"VlZ57rNvQ2bv"},
{"id":627,"email":"amatissehe@jugem.jp","password":"OvoG67IFf6K"},
{"id":628,"email":"lbillisonhf@discovery.com","password":"bK1ao9tTtggt"},
{"id":629,"email":"wdreushg@seattletimes.com","password":"9ajTd5bH"},
{"id":630,"email":"bflippellihh@plala.or.jp","password":"apfeBs"},
{"id":631,"email":"pblakdenhi@google.com","password":"MalCMQ"},
{"id":632,"email":"ysierhj@disqus.com","password":"99nEruUPE"},
{"id":633,"email":"qlyleshk@meetup.com","password":"B8z7kdk0Wjn"},
{"id":634,"email":"mmottehl@nps.gov","password":"bwhS47jvG"},
{"id":635,"email":"tcroslandhm@squidoo.com","password":"89bSp0GFrT"},
{"id":636,"email":"mpanswickhn@google.pl","password":"THfuXQTLeIEs"},
{"id":637,"email":"cmosedallho@trellian.com","password":"DuaLwUV5P6G7"},
{"id":638,"email":"ljeavonshp@deliciousdays.com","password":"EeNrG2gqE"},
{"id":639,"email":"grizzinihq@tamu.edu","password":"LZWDF8pAKPUv"},
{"id":640,"email":"yindehr@guardian.co.uk","password":"TM4KIWrPK"},
{"id":641,"email":"takermanhs@wikia.com","password":"ywjUbpg"},
{"id":642,"email":"hfishendenht@ox.ac.uk","password":"1BV032AfnVc"},
{"id":643,"email":"vsivellhu@who.int","password":"xV9fNIlf"},
{"id":644,"email":"ablankenshiphv@ustream.tv","password":"GxrApD"},
{"id":645,"email":"rfinneranhw@opensource.org","password":"URPi5zlCAWe"},
{"id":646,"email":"zmccullumhx@reverbnation.com","password":"1bnDhJ"},
{"id":647,"email":"ktongshy@php.net","password":"rOATnrPplt"},
{"id":648,"email":"epearnhz@cdc.gov","password":"ZvmU6IVB"},
{"id":649,"email":"cblasonii0@tinypic.com","password":"E2G71U2lGCT"},
{"id":650,"email":"jkeyzori1@homestead.com","password":"hr4f22fNM"},
{"id":651,"email":"sdeakesi2@acquirethisname.com","password":"pyYJZUk5PM4R"},
{"id":652,"email":"rarneyi3@skype.com","password":"U0flGh"},
{"id":653,"email":"rretallacki4@umich.edu","password":"rZQNRxP"},
{"id":654,"email":"oguitteti5@kickstarter.com","password":"CNyfLZVX"},
{"id":655,"email":"lchaineyi6@nsw.gov.au","password":"Sv7NS0e"},
{"id":656,"email":"cmcgeouchi7@usa.gov","password":"4zmZMKEA"},
{"id":657,"email":"gmargettsi8@over-blog.com","password":"lszveXV"},
{"id":658,"email":"jwhellamsi9@admin.ch","password":"38JedZCZFtJ"},
{"id":659,"email":"edillingeria@topsy.com","password":"3dGWBQp"},
{"id":660,"email":"tpaolacciib@squidoo.com","password":"CXiiMpsLa"},
{"id":661,"email":"mfourmanic@drupal.org","password":"Nz9k1mDf"},
{"id":662,"email":"bbattillid@xing.com","password":"cEoRiY"},
{"id":663,"email":"gtomsettie@rediff.com","password":"OGEgfEMogB"},
{"id":664,"email":"jwaszczykif@pagesperso-orange.fr","password":"I1ayIm3n1"},
{"id":665,"email":"kgoodrightig@phoca.cz","password":"tVZeB85HsBmJ"},
{"id":666,"email":"lkernaghanih@yelp.com","password":"odETxTF8v"},
{"id":667,"email":"hpowrieii@netvibes.com","password":"JOXGDRMQ1cg"},
{"id":668,"email":"jgocherij@nsw.gov.au","password":"MeiChrfj"},
{"id":669,"email":"agallihaulkik@newyorker.com","password":"2U5FVccS"},
{"id":670,"email":"sstorkil@telegraph.co.uk","password":"tDALgLX"},
{"id":671,"email":"lsavoryim@census.gov","password":"GCiwKZvCCSA"},
{"id":672,"email":"gwoolhousein@nymag.com","password":"vjhdmp"},
{"id":673,"email":"glinscottio@unblog.fr","password":"4ll05YNyJ9O"},
{"id":674,"email":"vharnettip@netvibes.com","password":"UZ69pbEy"},
{"id":675,"email":"lcanneriq@vinaora.com","password":"2YcGmg7N9k87"},
{"id":676,"email":"sbrydonir@miibeian.gov.cn","password":"aYRyzCGzEGW"},
{"id":677,"email":"ttitchenis@histats.com","password":"02Mp53G"},
{"id":678,"email":"bshobrookit@furl.net","password":"4RyMqzP38Z"},
{"id":679,"email":"jperilloiu@last.fm","password":"sWS9J4r1En"},
{"id":680,"email":"rchidzoyiv@disqus.com","password":"XxxHVJK5"},
{"id":681,"email":"rpiroliniiw@berkeley.edu","password":"e5iLBYCJ"},
{"id":682,"email":"ocragoeix@reverbnation.com","password":"amVkXw"},
{"id":683,"email":"sbagbyiy@washington.edu","password":"2a94yYbd6"},
{"id":684,"email":"ceakleiz@forbes.com","password":"r9wP7IFylY"},
{"id":685,"email":"ncromartyj0@icq.com","password":"0zfBzwMZ8"},
{"id":686,"email":"ctetlaj1@nyu.edu","password":"OHgabUyGEeQ"},
{"id":687,"email":"whuntrissj2@icio.us","password":"cVRkZm9G"},
{"id":688,"email":"bbettleyj3@naver.com","password":"7K57qq"},
{"id":689,"email":"ksimcoj4@cpanel.net","password":"rwhrop"},
{"id":690,"email":"mproomj5@chicagotribune.com","password":"Wk84ecv5GL"},
{"id":691,"email":"cknollesgreenj6@bluehost.com","password":"Sho95wm"},
{"id":692,"email":"rdrabblej7@mail.ru","password":"lMbJTt3Ncih9"},
{"id":693,"email":"lspeedinj8@fema.gov","password":"6Fk5Rz1b2"},
{"id":694,"email":"aarensj9@paypal.com","password":"OStJqPiK539"},
{"id":695,"email":"scanbyja@google.ru","password":"owZCEDPya"},
{"id":696,"email":"eweatherburnjb@sphinn.com","password":"aP3Tc5Mp4F"},
{"id":697,"email":"eprugeljc@unc.edu","password":"n0krNNyRw"},
{"id":698,"email":"dverbekejd@google.com.br","password":"Ynljlu"},
{"id":699,"email":"hchidleyje@fema.gov","password":"fReZhAKEl"},
{"id":700,"email":"jlefrankjf@comsenz.com","password":"oMxEfalXN"},
{"id":701,"email":"rsimanjg@flavors.me","password":"zQ5bTMo"},
{"id":702,"email":"bgiampietrojh@privacy.gov.au","password":"16c1CAG2"},
{"id":703,"email":"arichardinji@networkadvertising.org","password":"RTM9nuJ"},
{"id":704,"email":"bpygottjj@sciencedirect.com","password":"Tar3sx8m"},
{"id":705,"email":"gdelamerejk@hugedomains.com","password":"JCH2tEPQRV"},
{"id":706,"email":"brainonjl@nydailynews.com","password":"Fyk8TuT3l"},
{"id":707,"email":"cdainesjm@samsung.com","password":"w4WNcmo"},
{"id":708,"email":"lmerrelljn@cyberchimps.com","password":"M7JOFAaImGp2"},
{"id":709,"email":"kgaskarthjo@gnu.org","password":"3pXnXzLnnX"},
{"id":710,"email":"bbourdonjp@oaic.gov.au","password":"AulutnvP2gXU"},
{"id":711,"email":"amundelljq@usatoday.com","password":"ej4zyppu1"},
{"id":712,"email":"vodoranjr@tmall.com","password":"Q0oJmvYiMa4D"},
{"id":713,"email":"lavesonjs@berkeley.edu","password":"1szFqLjE"},
{"id":714,"email":"ldunnejt@sakura.ne.jp","password":"W1ecYbO"},
{"id":715,"email":"dsaltmarshju@ed.gov","password":"fBsO31hd"},
{"id":716,"email":"rsunnexjv@joomla.org","password":"ZIKtqi"},
{"id":717,"email":"lhuffyjw@xinhuanet.com","password":"Zq133R"},
{"id":718,"email":"nboamejx@ifeng.com","password":"9BUwHJwUf"},
{"id":719,"email":"csheehanjy@github.com","password":"fQqB2eJo3jzw"},
{"id":720,"email":"asprowsonjz@theatlantic.com","password":"ZKIOyUlJkl6"},
{"id":721,"email":"ahandsheartk0@marriott.com","password":"z6Ty2NXz"},
{"id":722,"email":"lrihosekk1@123-reg.co.uk","password":"Ok2CWIIoyf"},
{"id":723,"email":"sgoodleyk2@ucoz.ru","password":"X7PIF2m7"},
{"id":724,"email":"sthomlinsonk3@twitter.com","password":"lrk2fdTR78E"},
{"id":725,"email":"scottisk4@goodreads.com","password":"QBwhEuGM5YH"},
{"id":726,"email":"obrinsfordk5@taobao.com","password":"XnJdt2DP5"},
{"id":727,"email":"mmccrackenk6@fastcompany.com","password":"6vY8ml9ncAPf"},
{"id":728,"email":"rheapsk7@cdbaby.com","password":"GE8YnkgcHW"},
{"id":729,"email":"rlongmatek8@google.it","password":"3LITGodzBKWM"},
{"id":730,"email":"kmcalessk9@google.fr","password":"tIhc25Z0"},
{"id":731,"email":"czukerka@ifeng.com","password":"bM6AgKl4eyH1"},
{"id":732,"email":"psetchfieldkb@sina.com.cn","password":"f7Geciz"},
{"id":733,"email":"vkubickikc@telegraph.co.uk","password":"G8quijWoY"},
{"id":734,"email":"stanmankd@about.me","password":"gCyrSjZHAmDk"},
{"id":735,"email":"rpritchettke@imdb.com","password":"u541QOY"},
{"id":736,"email":"rjoicekf@usda.gov","password":"qSlKMV"},
{"id":737,"email":"nfurmagierkg@blog.com","password":"MJ0e8teYoFT"},
{"id":738,"email":"nfruchonkh@dailymotion.com","password":"IF9JTsWjGtUL"},
{"id":739,"email":"fworshallki@quantcast.com","password":"kGkjHsM7CKfg"},
{"id":740,"email":"hbastiankj@blogs.com","password":"YvvEyDCZI9"},
{"id":741,"email":"flarradkk@prlog.org","password":"zM2iHkmHd7YL"},
{"id":742,"email":"sjackkl@privacy.gov.au","password":"aKjGZfvuc0XR"},
{"id":743,"email":"kduddingkm@narod.ru","password":"OGcALrsB5zh"},
{"id":744,"email":"rdemogeotkn@nyu.edu","password":"3pr60WPaiYe"},
{"id":745,"email":"rsampeyko@java.com","password":"H4cayuCsnLJ9"},
{"id":746,"email":"mnevittkp@addtoany.com","password":"YuFQltfrFIY"},
{"id":747,"email":"acodykq@answers.com","password":"LjHv2nXYRW6U"},
{"id":748,"email":"mcrollmankr@apache.org","password":"Ggwn2iK4z"},
{"id":749,"email":"ccokerks@multiply.com","password":"LwIeneo"},
{"id":750,"email":"amucklokt@hostgator.com","password":"O2AzZwIpY"},
{"id":751,"email":"bstaiteku@google.com.hk","password":"Ip92y3UJljTi"},
{"id":752,"email":"ldanilyukkv@dagondesign.com","password":"9hb3RA"},
{"id":753,"email":"aheerskw@harvard.edu","password":"btSOMd3"},
{"id":754,"email":"lburthkx@tinypic.com","password":"8SUscY8WUE"},
{"id":755,"email":"cscapelhornky@washington.edu","password":"2iu7caDWP37i"},
{"id":756,"email":"lestcotkz@phpbb.com","password":"RgVl9iuoc"},
{"id":757,"email":"jtauntonl0@paypal.com","password":"lwHWlFqqq"},
{"id":758,"email":"mtrinbeyl1@stanford.edu","password":"NqdfePez"},
{"id":759,"email":"hfippel2@thetimes.co.uk","password":"31hoc3qgPH"},
{"id":760,"email":"fcrolll3@boston.com","password":"XPgGTCD3"},
{"id":761,"email":"dmacmechanl4@naver.com","password":"SAUehwjtU"},
{"id":762,"email":"jfenderl5@washingtonpost.com","password":"IyjGa8ZK"},
{"id":763,"email":"apaulillol6@posterous.com","password":"D4FRtuo"},
{"id":764,"email":"ismeatonl7@google.nl","password":"HmbmafRqo"},
{"id":765,"email":"mkneebonel8@goodreads.com","password":"Bstmrko"},
{"id":766,"email":"hgothupl9@smh.com.au","password":"E1eWqVP422"},
{"id":767,"email":"wwhitesidela@discuz.net","password":"KWFzcegn"},
{"id":768,"email":"rpeddellb@plala.or.jp","password":"nHsXiW"},
{"id":769,"email":"tcastilloulc@vistaprint.com","password":"H0E6G8Yr"},
{"id":770,"email":"sscoffhamld@elpais.com","password":"1gJx3JSE"},
{"id":771,"email":"retuckle@ed.gov","password":"6k3U4v4Uv1"},
{"id":772,"email":"thardistrylf@jiathis.com","password":"DAprVRHMi"},
{"id":773,"email":"mwarneslg@storify.com","password":"qrDglB"},
{"id":774,"email":"ahawksleylh@tiny.cc","password":"0KmRnrYMlgO3"},
{"id":775,"email":"mcumeskyli@edublogs.org","password":"P6cnisCf"},
{"id":776,"email":"mavesquelj@princeton.edu","password":"fAG6CkPaij"},
{"id":777,"email":"pdumbltonlk@mysql.com","password":"0SxSYz9elDV"},
{"id":778,"email":"tdowsonll@discovery.com","password":"2jc1B2N"},
{"id":779,"email":"bgossipinlm@vinaora.com","password":"hZRzze7LS3M"},
{"id":780,"email":"kgoodburln@blinklist.com","password":"S8bN7RYX"},
{"id":781,"email":"cmcduffielo@noaa.gov","password":"KuTYd65Yz"},
{"id":782,"email":"ckennellylp@mozilla.com","password":"ofAXirN2G"},
{"id":783,"email":"rchappellq@theguardian.com","password":"2z7iAQgF"},
{"id":784,"email":"cwegenenlr@jiathis.com","password":"3kaezJFKmX5K"},
{"id":785,"email":"acoyishls@cafepress.com","password":"9ZmkLkLfuplZ"},
{"id":786,"email":"fcoallt@businessweek.com","password":"nvmz0y"},
{"id":787,"email":"bsnowdenlu@ihg.com","password":"1vGZXde"},
{"id":788,"email":"pbranchflowerlv@reddit.com","password":"YFKUjO9Lh2"},
{"id":789,"email":"aknaptonlw@marketwatch.com","password":"kIwzT1"},
{"id":790,"email":"ckernermannlx@noaa.gov","password":"PHLwHZFlK2E2"},
{"id":791,"email":"ncorlessly@fema.gov","password":"EUBRcA8pq"},
{"id":792,"email":"wripperlz@booking.com","password":"a0iquP"},
{"id":793,"email":"smargerrisonm0@etsy.com","password":"w187bY"},
{"id":794,"email":"jgladwishm1@last.fm","password":"bDZnL2Ifgi"},
{"id":795,"email":"hfulstowm2@cnbc.com","password":"3t4k4Q"},
{"id":796,"email":"tgarnseym3@washingtonpost.com","password":"um6LX27DV"},
{"id":797,"email":"mdartnellm4@arstechnica.com","password":"EZdQdeTAShy"},
{"id":798,"email":"gjoym5@example.com","password":"0VPO0C"},
{"id":799,"email":"sjinkinsonm6@wunderground.com","password":"ChgV2FSl1h"},
{"id":800,"email":"wlockhartm7@wisc.edu","password":"jNQM4aMAdlCp"},
{"id":801,"email":"pburridgem8@quantcast.com","password":"G27YV05PTTT"},
{"id":802,"email":"jcavanaghm9@topsy.com","password":"rykJIwg"},
{"id":803,"email":"dverryma@bing.com","password":"jqBDDDe3N0"},
{"id":804,"email":"bstepneymb@telegraph.co.uk","password":"eRwaOexv"},
{"id":805,"email":"icarabinemc@imgur.com","password":"GO06pvQfe"},
{"id":806,"email":"cjozwikmd@biblegateway.com","password":"eFipGUURz"},
{"id":807,"email":"jwyburnme@spiegel.de","password":"cWQP5c1Tu1"},
{"id":808,"email":"agossagemf@smh.com.au","password":"L95EPZ3T2ws"},
{"id":809,"email":"gedworthiemg@fotki.com","password":"6cXkP7kRK9T"},
{"id":810,"email":"mbabinmh@liveinternet.ru","password":"wZ1c6gjtveu"},
{"id":811,"email":"valdismi@edublogs.org","password":"9yWua9yFkJ"},
{"id":812,"email":"dtoffolinimj@bigcartel.com","password":"REtTQ21uYm1i"},
{"id":813,"email":"rpavermk@engadget.com","password":"rBx5Dtcp"},
{"id":814,"email":"mcantleml@ox.ac.uk","password":"p6bGvv2Jh"},
{"id":815,"email":"spetrillomm@topsy.com","password":"rw4N7vPEz4M"},
{"id":816,"email":"bdessentmn@edublogs.org","password":"m24wRh"},
{"id":817,"email":"tdollmo@msu.edu","password":"ojUTD7514u"},
{"id":818,"email":"cdenisovomp@digg.com","password":"Kzvh3f2DyOA"},
{"id":819,"email":"mdorninmq@homestead.com","password":"hVuvBan"},
{"id":820,"email":"hcastellamr@pagesperso-orange.fr","password":"j3rIxubOfV"},
{"id":821,"email":"anehlsenms@symantec.com","password":"66D7VR3hsJNV"},
{"id":822,"email":"tlongmt@hubpages.com","password":"O0TEZ8kYUz"},
{"id":823,"email":"lhullemu@wikispaces.com","password":"xh4eAaslz"},
{"id":824,"email":"afancuttmv@webnode.com","password":"rIcRTbH"},
{"id":825,"email":"hmaithmw@techcrunch.com","password":"Sf8xtiDwf"},
{"id":826,"email":"sskipmx@patch.com","password":"GyVLMJYsjDF"},
{"id":827,"email":"ksindlemy@cafepress.com","password":"0ZwJjZLP0uD"},
{"id":828,"email":"fpordallmz@prlog.org","password":"TlJiIEJaaZhn"},
{"id":829,"email":"mallonn0@va.gov","password":"C2yCI10"},
{"id":830,"email":"smcareaveyn1@msu.edu","password":"SFEsGTYusO"},
{"id":831,"email":"gdobrovolnyn2@noaa.gov","password":"nzvdDi"},
{"id":832,"email":"bbilln3@dion.ne.jp","password":"11M8KYoOfTpC"},
{"id":833,"email":"fadeyn4@123-reg.co.uk","password":"SflIjnH9"},
{"id":834,"email":"bbartoszewiczn5@miitbeian.gov.cn","password":"yv5CmBkwg1aq"},
{"id":835,"email":"kdrifen6@berkeley.edu","password":"4iiBITCa"},
{"id":836,"email":"layerstn7@ftc.gov","password":"4Dban5b"},
{"id":837,"email":"clandersn8@xinhuanet.com","password":"Ik19Xg"},
{"id":838,"email":"mivoryn9@rakuten.co.jp","password":"DBvRj2o8k5qf"},
{"id":839,"email":"rsibthorpna@engadget.com","password":"aQhDX9oySTK"},
{"id":840,"email":"tmannaghnb@sina.com.cn","password":"wh7OdRVN"},
{"id":841,"email":"kfriedlosnc@scribd.com","password":"SgSnwwOIMQoo"},
{"id":842,"email":"lbownnd@quantcast.com","password":"oCrmveXKjFyZ"},
{"id":843,"email":"mroskamne@adobe.com","password":"sHLdkA"},
{"id":844,"email":"pjendrichnf@wikispaces.com","password":"zPp21fU"},
{"id":845,"email":"nfurseng@wiley.com","password":"edofsNzzlRKu"},
{"id":846,"email":"sbevingtonnh@webeden.co.uk","password":"IX50doBPxNn"},
{"id":847,"email":"slawtonni@usatoday.com","password":"Gn1VZmm"},
{"id":848,"email":"nbearnenj@cornell.edu","password":"rIYUYWP"},
{"id":849,"email":"jfealynk@chron.com","password":"1ZI1rxSerZql"},
{"id":850,"email":"efellininl@bing.com","password":"cBzxgin8urZ9"},
{"id":851,"email":"gconaboynm@craigslist.org","password":"ljl8ZAvH"},
{"id":852,"email":"bgianolininn@blogs.com","password":"Elg6mX3z7r"},
{"id":853,"email":"bmunsonno@va.gov","password":"Vrq7xNZE"},
{"id":854,"email":"hferrernp@furl.net","password":"EsZ6kv1isKem"},
{"id":855,"email":"jcarderonq@infoseek.co.jp","password":"2GXZ5Ckjn"},
{"id":856,"email":"mfakenr@blogspot.com","password":"RaAEDr2CKI"},
{"id":857,"email":"shodginns@buzzfeed.com","password":"GKV0zJM"},
{"id":858,"email":"cneaversonnt@army.mil","password":"irAZV7SUrbgf"},
{"id":859,"email":"bbowringnu@cdc.gov","password":"yUNIKWBB4ut"},
{"id":860,"email":"eevequenv@g.co","password":"qduS3Le"},
{"id":861,"email":"kbirranenw@amazon.de","password":"QS0NHjxUm3L"},
{"id":862,"email":"kdoughartynx@mac.com","password":"NjAMwrT"},
{"id":863,"email":"gdombrellny@dion.ne.jp","password":"9V6c8RaJdS2M"},
{"id":864,"email":"pmckiernannz@engadget.com","password":"4ADrHQy"},
{"id":865,"email":"baburrowo0@webeden.co.uk","password":"O4oHOzRf"},
{"id":866,"email":"sbloodwortheo1@ocn.ne.jp","password":"v3d3zFt"},
{"id":867,"email":"aelsmoreo2@newyorker.com","password":"ty5dm1Gp"},
{"id":868,"email":"creinbecko3@multiply.com","password":"N8KrqP7SMA6"},
{"id":869,"email":"spoteo4@reddit.com","password":"Vjlxso3KCXg5"},
{"id":870,"email":"wjoscelyneo5@bravesites.com","password":"ZeFy3PIFKaf"},
{"id":871,"email":"bmarloro6@jimdo.com","password":"cKkXZpyRvn"},
{"id":872,"email":"gashwoodo7@reference.com","password":"LnMGtvA"},
{"id":873,"email":"mduiguido8@sbwire.com","password":"nB6AYK47PdI"},
{"id":874,"email":"anewdicko9@netscape.com","password":"Bc7SwheR0"},
{"id":875,"email":"msturridgeoa@bloglines.com","password":"oi7PjBm"},
{"id":876,"email":"nfreckeltonob@elpais.com","password":"4K26mA"},
{"id":877,"email":"genderleoc@woothemes.com","password":"2jaUcE2v"},
{"id":878,"email":"gpoundfordod@bbc.co.uk","password":"qcBHyZsOeq"},
{"id":879,"email":"mcaldwalloe@cloudflare.com","password":"D6zHGNVm5H"},
{"id":880,"email":"ccullumof@purevolume.com","password":"JxJJWzkd"},
{"id":881,"email":"bdeveyog@wix.com","password":"fmVSQlJ"},
{"id":882,"email":"bdurnooh@mail.ru","password":"BggYQMD"},
{"id":883,"email":"csplevingoi@nbcnews.com","password":"wRR2zQre7"},
{"id":884,"email":"ihaycockoj@yahoo.com","password":"dTtEbZw"},
{"id":885,"email":"mmccunnok@eventbrite.com","password":"qAqJ1kXp"},
{"id":886,"email":"apounderol@1und1.de","password":"K9Jkl7ZW"},
{"id":887,"email":"lseabonom@cbc.ca","password":"BFQCylrJx9"},
{"id":888,"email":"rmelsonon@tripadvisor.com","password":"QRLA8r2R0xc"},
{"id":889,"email":"clodyoo@tmall.com","password":"jMOKGJOxq5"},
{"id":890,"email":"cscamelop@moonfruit.com","password":"XuDs4HyrHOm"},
{"id":891,"email":"gschuchmacheroq@mapy.cz","password":"JVIMtOc"},
{"id":892,"email":"mthorbonor@soundcloud.com","password":"lIgWyd0GyK"},
{"id":893,"email":"jgoodrumos@mashable.com","password":"34TYfXVT"},
{"id":894,"email":"jdelacourtot@telegraph.co.uk","password":"TO15iDrLqK"},
{"id":895,"email":"qcruikshanksou@wikimedia.org","password":"3dSWSzzzR0d"},
{"id":896,"email":"bfraczakov@cnbc.com","password":"QIYkgoJvMCB"},
{"id":897,"email":"byarnellow@bing.com","password":"qNn5mRl"},
{"id":898,"email":"eosgoodox@gnu.org","password":"hc5tlp2PviX"},
{"id":899,"email":"vjindacekoy@msn.com","password":"L0jOln"},
{"id":900,"email":"mcockcroftoz@sfgate.com","password":"fD3hMz"},
{"id":901,"email":"nbradwellp0@edublogs.org","password":"CZvxMDw5gK"},
{"id":902,"email":"vagglionep1@simplemachines.org","password":"w7JJIgYb"},
{"id":903,"email":"lbeehop2@nytimes.com","password":"wbEdpP78n"},
{"id":904,"email":"ccraxfordp3@earthlink.net","password":"jVgu4QzDd"},
{"id":905,"email":"dgoodletp4@livejournal.com","password":"WMD6Wae"},
{"id":906,"email":"ctomasellop5@senate.gov","password":"mYejIofcK0TF"},
{"id":907,"email":"sdonovanp6@artisteer.com","password":"uGrSp8"},
{"id":908,"email":"cjeaffresonp7@g.co","password":"7buI8WMWXV"},
{"id":909,"email":"osnooksp8@imgur.com","password":"rxqFFz"},
{"id":910,"email":"tivettsp9@goo.gl","password":"sYr31BK"},
{"id":911,"email":"wmatzenpa@gmpg.org","password":"Bj9k1q"},
{"id":912,"email":"msallierepb@shinystat.com","password":"OXBpj72ij"},
{"id":913,"email":"cbroomfieldpc@cafepress.com","password":"UDvQ7w"},
{"id":914,"email":"bhessentalerpd@msu.edu","password":"KDiYSg5"},
{"id":915,"email":"ddesaverype@wsj.com","password":"d6I0IO"},
{"id":916,"email":"borchardpf@mac.com","password":"WzOg7wXY"},
{"id":917,"email":"rcollyerpg@mayoclinic.com","password":"IG7kmPhG"},
{"id":918,"email":"lstrevensph@xing.com","password":"hbDPWR"},
{"id":919,"email":"bblackslandpi@soup.io","password":"h8vUR8GyrYrT"},
{"id":920,"email":"sgiddonspj@eventbrite.com","password":"4o8PCDISOri7"},
{"id":921,"email":"ifairlampk@odnoklassniki.ru","password":"VsF8XQ"},
{"id":922,"email":"rhallibertonpl@stumbleupon.com","password":"B5kBqoQ"},
{"id":923,"email":"abenningpm@smugmug.com","password":"GzxbEjTLoAZ"},
{"id":924,"email":"charmstonpn@infoseek.co.jp","password":"D4r3itmhWY"},
{"id":925,"email":"dshervillepo@freewebs.com","password":"lR22pBIboy4"},
{"id":926,"email":"tiansonpp@geocities.jp","password":"0ts3WazrJ"},
{"id":927,"email":"ecurryerpq@friendfeed.com","password":"2bUKvKtL2"},
{"id":928,"email":"mpassepr@1688.com","password":"EUNz3heP2lh"},
{"id":929,"email":"bsunockps@simplemachines.org","password":"JdN6DFJ"},
{"id":930,"email":"aradishpt@etsy.com","password":"NhaZXqd"},
{"id":931,"email":"iduddellpu@vimeo.com","password":"ysQcgjt"},
{"id":932,"email":"alearoydepv@nyu.edu","password":"0wNsG4hU"},
{"id":933,"email":"dwitnallpw@economist.com","password":"OscHPhN"},
{"id":934,"email":"acliburnpx@cocolog-nifty.com","password":"R95nAVVXuxb"},
{"id":935,"email":"scrannypy@prlog.org","password":"Ip7SYnK"},
{"id":936,"email":"dtulkpz@addtoany.com","password":"ARDe9dX0"},
{"id":937,"email":"rpopleq0@seattletimes.com","password":"gnV6eWDsG"},
{"id":938,"email":"cmeinekenq1@washington.edu","password":"yz6xW9y27VQ"},
{"id":939,"email":"nbarrettq2@surveymonkey.com","password":"aL3EAz"},
{"id":940,"email":"lmarchantq3@squidoo.com","password":"muc3x74V"},
{"id":941,"email":"crachuigq4@wikipedia.org","password":"EI47yGY5DIk"},
{"id":942,"email":"kgroocockq5@networksolutions.com","password":"lq25nWLU"},
{"id":943,"email":"scoattsq6@quantcast.com","password":"oTiniemS6"},
{"id":944,"email":"cfernieq7@blog.com","password":"dUq2ThrEbV"},
{"id":945,"email":"nbarstockq8@odnoklassniki.ru","password":"u5y9Ocj49w"},
{"id":946,"email":"rhrinchishinq9@cdc.gov","password":"te8ze2BR"},
{"id":947,"email":"awillischqa@privacy.gov.au","password":"ZylItV3Tk"},
{"id":948,"email":"obesterqb@wordpress.org","password":"lJcRjT"},
{"id":949,"email":"gleacockqc@spiegel.de","password":"aKZhNn"},
{"id":950,"email":"kdomicoqd@blog.com","password":"kXK3OhAkQWBa"},
{"id":951,"email":"matwaterqe@omniture.com","password":"NmpgpO5Fz"},
{"id":952,"email":"dskarmanqf@addthis.com","password":"2tA1rvMb"},
{"id":953,"email":"rtongsqg@google.com.hk","password":"L0BkTnpVDi4b"},
{"id":954,"email":"rlotsqh@hatena.ne.jp","password":"KKkZTIfCBYNi"},
{"id":955,"email":"lmonkqi@i2i.jp","password":"MIqGGz"},
{"id":956,"email":"mchaceqj@senate.gov","password":"sBtLjoIM"},
{"id":957,"email":"gswyndleyqk@usda.gov","password":"wnPR7lVRh"},
{"id":958,"email":"mcrallanql@diigo.com","password":"9vpAtmRySyP"},
{"id":959,"email":"vmalenfantqm@woothemes.com","password":"BS0HqwVS"},
{"id":960,"email":"jmartinovskyqn@eventbrite.com","password":"nXraJZ"},
{"id":961,"email":"mlukovicqo@amazon.de","password":"Oh0z87qXW"},
{"id":962,"email":"ddorsayqp@fema.gov","password":"YpiUs1Q"},
{"id":963,"email":"mcrackqq@qq.com","password":"KtU9rcIXbi"},
{"id":964,"email":"hkovacsqr@dagondesign.com","password":"fa0GMm9"},
{"id":965,"email":"gbaymanqs@npr.org","password":"55R6UxII"},
{"id":966,"email":"cartissqt@fda.gov","password":"gjLLG4M"},
{"id":967,"email":"pfrewerqu@tinyurl.com","password":"1qzJgaB"},
{"id":968,"email":"wtichnerqv@goodreads.com","password":"3MLZ6RP01"},
{"id":969,"email":"ggantqw@google.it","password":"QEXqFe"},
{"id":970,"email":"nthomannqx@indiegogo.com","password":"DZdDjxy"},
{"id":971,"email":"flonglandqy@fc2.com","password":"VNVYbxQyyvwE"},
{"id":972,"email":"lpelosiqz@mlb.com","password":"fnvqy66ryL"},
{"id":973,"email":"jhamsherer0@123-reg.co.uk","password":"tQfyx1fpayG"},
{"id":974,"email":"creynoolldsr1@cbslocal.com","password":"9COlpO"},
{"id":975,"email":"linnisr2@msu.edu","password":"7vHveXMsz"},
{"id":976,"email":"rmcmychemr3@nyu.edu","password":"27VUGgt"},
{"id":977,"email":"jroscherr4@redcross.org","password":"mH0iRGzX"},
{"id":978,"email":"jfetherstonhaughr5@spotify.com","password":"HRRhYj"},
{"id":979,"email":"cyerlettr6@behance.net","password":"mATLaXRp"},
{"id":980,"email":"msecrettr7@angelfire.com","password":"tSFJ32"},
{"id":981,"email":"slillywhiter8@howstuffworks.com","password":"277MogmHXL"},
{"id":982,"email":"afassmanr9@sitemeter.com","password":"8JNUzjV"},
{"id":983,"email":"drippinra@infoseek.co.jp","password":"Fqp7Oq2AMQ"},
{"id":984,"email":"lcrosstonrb@guardian.co.uk","password":"gSkMuy0"},
{"id":985,"email":"kgosdinrc@boston.com","password":"6hVrGq"},
{"id":986,"email":"fkendalrd@topsy.com","password":"VvG916MT60"},
{"id":987,"email":"atuxwellre@google.de","password":"zgBvs5O"},
{"id":988,"email":"ccaldowrf@unicef.org","password":"QPckBvM"},
{"id":989,"email":"aconsidinerg@businessinsider.com","password":"YnH3d6S"},
{"id":990,"email":"jdocwrarh@mapquest.com","password":"4Z2Yboj6FIc"},
{"id":991,"email":"lleiskri@fastcompany.com","password":"MA4aPeUF"},
{"id":992,"email":"brigmondrj@amazon.de","password":"Gt9e4SJZUXeL"},
{"id":993,"email":"cnatalierk@epa.gov","password":"R57NJNi"},
{"id":994,"email":"bflaonierrl@desdev.cn","password":"yaMDl1"},
{"id":995,"email":"tprosserrm@reddit.com","password":"iBmpVVby2U"},
{"id":996,"email":"aduignanrn@google.pl","password":"F3V1NAHgil"},
{"id":997,"email":"slagdero@wiley.com","password":"sKvBglmFe2Ch"},
{"id":998,"email":"dkerfordrp@virginia.edu","password":"yVah1A"},
{"id":999,"email":"jpeggremrq@booking.com","password":"XOFZTx569Ns3"},
{"id":1000,"email":"ohowsdenrr@omniture.com","password":"lAkC8LUR1X"}]