{
    "resourceNameTruncated": "peerfi52b594b6",
    "userPoolName": "peerfinaluserpool",
    "autoVerifiedAttributes": [
        "email"
    ],
    "mfaConfiguration": "OFF",
    "mfaTypes": [
        "SMS Text Message"
    ],
    "smsAuthenticationMessage": "Your authentication code is {####}",
    "smsVerificationMessage": "Your verification code is {####}",
    "emailVerificationSubject": "Your verification code",
    "emailVerificationMessage": "Your verification code is {####}",
    "defaultPasswordPolicy": true,
    "passwordPolicyMinLength": 8,
    "passwordPolicyCharacters": [
        "Requires Lowercase",
        "Requires Uppercase",
        "Requires Numbers",
        "Requires Symbols"
    ],
    "requiredAttributes": [
        "email"
    ],
    "userpoolClientGenerateSecret": false,
    "userpoolClientRefreshTokenValidity": 30,
    "userpoolClientWriteAttributes": [
        "email"
    ],
    "userpoolClientReadAttributes": [
        "email"
    ],
    "userpoolClientLambdaRole": "peerfi52b594b6_userpoolclient_lambda_role",
    "userpoolClientSetAttributes": false,
    "sharedId": "52b594b6",
    "resourceName": "peerfinal1",
    "authSelections": "userPoolOnly",
    "authRoleArn": {
        "Fn::GetAtt": [
            "AuthRole",
            "Arn"
        ]
    },
    "unauthRoleArn": {
        "Fn::GetAtt": [
            "UnauthRole",
            "Arn"
        ]
    },
    "useDefault": "manual",
    "usernameAttributes": [
        "email"
    ],
    "userPoolGroups": false,
    "adminQueries": false,
    "triggers": "{}",
    "hostedUI": false,
    "userPoolGroupList": [],
    "serviceName": "Cognito",
    "usernameCaseSensitive": false,
    "parentStack": {
        "Ref": "AWS::StackId"
    },
    "permissions": [],
    "dependsOn": [],
    "authProviders": []
}